Feature transformada;Coeficiente;Exp(Coeficiente);Magnitude
cat__Problema_SAC - Dificuldade para cancelar o serviço;0.8075389493686292;2.242382573256537;0.8075389493686292
cat__Problema_Não entrega do contrato ou documentação relacionada ao serviço;0.7274372431207324;2.0697694890315192;0.7274372431207324
cat__Assunto_Crédito Rural;-0.6384240171874136;0.5281240830085311;0.6384240171874136
cat__Cidade_Boqueirão do Piauí;-0.6377833312362887;0.528462553103905;0.6377833312362887
cat__Problema_Dificuldade para rescindir o contrato / cancelar o serviço;0.6000770458914012;1.8222591925659746;0.6000770458914012
cat__Problema_Clonagem, fraude, furto e roubo;-0.5740607702965391;0.5632336262074791;0.5740607702965391
cat__Problema_Cálculo de juros, saldo devedor (contestação, solicitação de histórico, dúvidas);-0.5681384461352141;0.5665791752549615;0.5681384461352141
cat__Problema_Renegociação / parcelamento de dívida;-0.5651075194296319;0.568299040283861;0.5651075194296319
cat__Assunto_Demais Seguros;0.5413363060189503;1.7183015053146042;0.5413363060189503
cat__Cidade_Araguaína;-0.5283810524649051;0.5895586620237949;0.5283810524649051
cat__Problema_Alteração / rescisão de contrato sem solicitação / aviso prévio;-0.523418541000915;0.5924916250550621;0.523418541000915
cat__Problema_Negativação indevida referente a cobrança não reconhecida;-0.5229212914891289;0.5927863144873743;0.5229212914891289
cat__Problema_Dificuldade para contratar / recusa injustificada;-0.4933343576631531;0.6105870804623995;0.4933343576631531
cat__Problema_Negativação indevida referente à pagamento já efetuado;0.4765252341607081;1.6104686670152508;0.4765252341607081
cat__Assunto_Crédito Consignado / Cartão de Crédito Consignado / RMC (para beneficiários do INSS);-0.4763273213837194;0.6210601627020309;0.4763273213837194
cat__Cidade_São José dos Campos;-0.46590138484509447;0.6275691688266998;0.46590138484509447
cat__Problema_Cobrança em duplicidade / Cobrança referente a pagamento já efetuado;0.46549006825037303;1.5927945757009998;0.46549006825037303
cat__Problema_Cláusulas irregulares / abusivas / de interpretação dúbia;-0.462110791453771;0.6299525427175013;0.462110791453771
cat__Cidade_Piracicaba;0.4521529951025296;1.5716923914224619;0.4521529951025296
cat__Problema_Dificuldade para alterar ou cancelar o contrato /serviço;0.4302869000498867;1.53769862608162;0.4302869000498867
cat__Problema_Negativação indevida referente a tarifa, taxas não previstas contrato / serviço;-0.41719887981991854;0.6588898670145631;0.41719887981991854
cat__Problema_Dificuldade para obter boleto de quitação ou informações acerca de cálculos, pagamentos, saldo devedor;0.3788056287065356;1.460539121273757;0.3788056287065356
cat__Cidade_Água Branca;-0.370194718513482;0.6905998449691316;0.370194718513482
cat__Faixa Etária_entre 21 a 30 anos;0.3551145900426809;1.4263440897473845;0.3551145900426809
cat__Cidade_Taubaté;0.35222446381021255;1.4222277265469863;0.35222446381021255
cat__Cidade_João Pessoa;0.35191075153984436;1.4217816262351402;0.35191075153984436
cat__Problema_Coleta, uso ou compartilhamento indevido ou não autorizado de dados pessoais ou financeiros;-0.34362393398950297;0.7091955822598581;0.34362393398950297
cat__Cidade_Cajazeiras;-0.33759003884251754;0.7134877302049175;0.33759003884251754
cat__Problema_Dificuldade de acesso a dados pessoais ou financeiros;0.3350719826291699;1.3980410162686183;0.3350719826291699
cat__Como Comprou Contratou_Catálogo;0.3321959498543717;1.3940259809394684;0.3321959498543717
cat__Problema_Vazamento de dados ou outros incidentes de segurança (acessos não autorizados e situações acidentais ou ilícitas de destruição, perda, alteração, comunicação ou tratamento inadequado ou ilícito);-0.3291633663306697;0.7195254609106316;0.3291633663306697
cat__Problema_Dificuldade de pagamento, saque, depósito, transferência;0.324983906724965;1.3840083725741352;0.324983906724965
cat__Problema_Venda casada (imposição de seguro, empréstimo, título de capitalização etc);-0.32194709552677775;0.7247365311200981;0.32194709552677775
cat__Problema_Má qualidade no atendimento (descortesia / despreparo/ constrangimento);-0.30555232579042835;0.7367163545553473;0.30555232579042835
cat__Cidade_São Bernardo do Campo;0.3051385153336941;1.3568129293862554;0.3051385153336941
cat__Cidade_Ponta Grossa;0.29692961648075605;1.3457205795644687;0.29692961648075605
cat__Grupo Problema_Cobrança / Contestação;-0.29649068852859406;0.7434225495896889;0.29649068852859406
cat__Problema_Negativação indevida (não cumprimento de acordo de parcelamento);0.2922991531295062;1.3395036744236293;0.2922991531295062
cat__Problema_SAC - Demanda não resolvida / não respondida / respondida após o prazo;-0.28895965009678265;0.7490424285824131;0.28895965009678265
cat__UF_RR;0.2881515747955327;1.3339594834363042;0.2881515747955327
cat__Problema_Cartão não solicitado - Envio ou cobrança;0.28715551257339594;1.3326314383065843;0.28715551257339594
cat__Cidade_Timon;0.27664946284419967;1.3187040352448995;0.27664946284419967
cat__Cidade_Itajaí;0.27654298650114323;1.3185636319366008;0.27654298650114323
cat__Cidade_Itapevi;0.27483205741344324;1.3163095918659482;0.27483205741344324
cat__Cidade_Campina Grande;0.26605364266405074;1.3048050500286004;0.26605364266405074
cat__Assunto_Financiamento de Imóveis;-0.26534827562443364;0.7669387973686296;0.26534827562443364
cat__Problema_Cobrança submetendo a ofensa, constrangimento ou ameaça;-0.26394825626638513;0.7680132785030747;0.26394825626638513
cat__Problema_Funcionamento inadequado do serviço;-0.2607256048962283;0.7704923099288574;0.2607256048962283
cat__Procurou Empresa_N;0.25922442224791475;1.2959246065089651;0.25922442224791475
cat__Cidade_Tubarão;-0.2587135077585756;0.7720441760293528;0.2587135077585756
cat__Cidade_Aparecida de Goiânia;-0.25806230837207106;0.7725470944554506;0.25806230837207106
cat__Assunto_Financiamentos de Veículos / Leasing;0.2543639633989899;1.289641101017807;0.2543639633989899
cat__Problema_Ligações indesejadas de telemarketing (0303);0.2517021172419373;1.286212839585569;0.2517021172419373
cat__Cidade_Foz do Iguaçu;0.2512288909328669;1.2856043138273685;0.2512288909328669
cat__Faixa Etária_entre 61 a 70 anos;-0.24957744483221778;0.7791299389053162;0.24957744483221778
cat__Cidade_Niterói;-0.24782488192611823;0.7804966103743257;0.24782488192611823
cat__Cidade_Goiânia;-0.24342494187708794;0.7839383147624679;0.24342494187708794
cat__Problema_SAC - Dificuldadede de contato / acesso;0.24007102607490285;1.271339445365389;0.24007102607490285
cat__Problema_Dificuldade de contato ou acesso aos serviços - caixa eletrônico, agência, internet banking;0.2394210434496495;1.270513365313026;0.2394210434496495
cat__Cidade_Juazeiro do Norte;-0.23910043967195319;0.7873357986518493;0.23910043967195319
cat__Problema_infrequent_sklearn;-0.23827291761890126;0.7879876060436904;0.23827291761890126
cat__Cidade_Teresina;0.23296191514814502;1.2623334026311395;0.23296191514814502
cat__Assunto_Seguro Prestamista;0.23024837667734543;1.2589126556433956;0.23024837667734543
cat__Cidade_Anápolis;0.22904343303129543;1.2573966503719285;0.22904343303129543
cat__Procurou Empresa_S;-0.228082968424368;0.7960582094001022;0.228082968424368
cat__Problema_Dificuldade para alterar/ ativar serviços;0.22633712804142353;1.2539983520327738;0.22633712804142353
cat__UF_GO;0.2251246021345087;1.2524787679973877;0.2251246021345087
cat__Cidade_Salto;0.22161855956638898;1.2480952130765415;0.22161855956638898
cat__Problema_Dificuldade de reclamar ou de obter tratamento a reclamação sobre dados pessoais ou financeiros;0.22092492899672633;1.2472297962573804;0.22092492899672633
cat__Problema_Dados pessoais ou financeiros incorretos / desatualizados ? dificuldade de retificação;0.21863617518852532;1.244378458561202;0.21863617518852532
cat__Cidade_Parnaíba;0.21804007844051002;1.2436369096481592;0.21804007844051002
cat__Cidade_Cariacica;0.2133516697045838;1.2378198784619883;0.2133516697045838
cat__Problema_Venda casada;-0.21170553110583487;0.8092029475832988;0.21170553110583487
cat__Cidade_Montes Claros;-0.21049551232688526;0.8101826909802698;0.21049551232688526
cat__Cidade_Araraquara;-0.20950015116630522;0.8109895168387942;0.20950015116630522
cat__UF_PB;-0.207258737904365;0.8128093181987022;0.207258737904365
cat__Como Comprou Contratou_Stand, feiras e eventos;-0.20706782457214898;0.812964509147635;0.20706782457214898
cat__Problema_Não envio / atraso do boleto ou fatura / dificuldade com o pagamento;0.20648815403918294;1.2293531712613093;0.20648815403918294
cat__Assunto_Crédito Pessoal e Demais Empréstimos (exceto financiamento de imóveis e veículos);-0.20576427038718814;0.8140249434523846;0.20576427038718814
cat__Assunto_Investimentos / Aplicações / Câmbio / Previdência Privada;0.2005118280716035;1.222028066390032;0.2005118280716035
cat__Cidade_Recife;0.19965023879606952;1.220975633561153;0.19965023879606952
cat__Problema_Oferta não cumprida / serviço não fornecido/ venda enganosa / publicidade enganosa;-0.19962427841891048;0.819038425687015;0.19962427841891048
cat__Cidade_Diamantina;-0.1986130742916943;0.8198670596118319;0.1986130742916943
cat__Cidade_Campo Mourão;-0.19848058320886494;0.8199756918825807;0.19848058320886494
cat__Problema_Falta de acessibilidade ou de atendimento prioritário;-0.19767102516939958;0.8206397785681987;0.19767102516939958
cat__Cidade_Vitória;-0.1967464913521435;0.8213988386295505;0.1967464913521435
cat__Grupo Problema_Atendimento / SAC;0.19437336875392527;1.2145496732081553;0.19437336875392527
cat__Região_NE;-0.19369459768495562;0.8239094897147785;0.19369459768495562
cat__Cidade_Boa Vista;0.193070503651346;1.2129683091992658;0.193070503651346
cat__Cidade_São João de Meriti;-0.1918767381555708;0.8254086036084131;0.1918767381555708
cat__Cidade_Ananindeua;-0.19136505985319135;0.8258310553519552;0.19136505985319135
cat__Cidade_Cabo de Santo Agostinho;0.18987052780794103;1.2090930435960139;0.18987052780794103
cat__Como Comprou Contratou_SMS / Mensagem de texto;-0.18920312074326492;0.8276183831594959;0.18920312074326492
cat__Grupo Problema_Entrega do Produto;0.18346715116606696;1.2013755009791927;0.18346715116606696
cat__Cidade_Rio Grande;0.1826051896264833;1.2003404076721484;0.1826051896264833
cat__Cidade_Ilhéus;-0.18196204321576065;0.8336329818424547;0.18196204321576065
cat__Problema_Não entrega / demora na entrega do produto;0.18162937154138364;1.1991696651028525;0.18162937154138364
cat__Problema_Dificuldade de cancelamento / eliminação de dados / revogação do consentimento;0.17723936790515218;1.1939168442998906;0.17723936790515218
cat__Cidade_Petrolina;0.17667582303583024;1.1932442081360193;0.17667582303583024
cat__UF_RN;0.17611902753833233;1.1925800000647053;0.17611902753833233
cat__Faixa Etária_entre 31 a 40 anos;0.17558813250030433;1.1919470332945452;0.17558813250030433
cat__Cidade_Caxias do Sul;-0.17444171261150399;0.8399258098844364;0.17444171261150399
cat__Cidade_Campinas;-0.1740776063455272;0.8402316878174277;0.1740776063455272
cat__Cidade_Timóteo;-0.17087967557726985;0.8429229915923285;0.17087967557726985
cat__Cidade_Franca;-0.1695631802890751;0.8440334265198657;0.1695631802890751
cat__Cidade_Petrópolis;-0.1677931067651286;0.8455287507679808;0.1677931067651286
cat__Como Comprou Contratou_Internet;0.16764612576022808;1.1825180739130716;0.16764612576022808
cat__UF_MT;-0.16748548449467238;0.8457888942529413;0.16748548449467238
cat__Cidade_Sobral;-0.1674106759649472;0.8458521688432883;0.1674106759649472
cat__Cidade_Americana;0.1669206288518166;1.1816604718377504;0.1669206288518166
cat__Problema_Informações incompletas / inadequadas sobre o serviço;-0.16642273195798363;0.8466882363502132;0.16642273195798363
cat__Cidade_Araçatuba;-0.16031833848960314;0.8518725619727934;0.16031833848960314
cat__Problema_Não entrega de cartão;0.15663524788149105;1.1695689333431463;0.15663524788149105
cat__Assunto_Título de Capitalização;0.15601390361254505;1.168842454109503;0.15601390361254505
cat__Faixa Etária_entre 51 a 60 anos;-0.1553036493384579;0.8561551670595198;0.1553036493384579
cat__Cidade_Várzea Grande;-0.15213124471116576;0.8588755504701105;0.15213124471116576
cat__Assunto_Seguro de Vida;0.15156757400768223;1.1636569321154333;0.15156757400768223
cat__Como Comprou Contratou_infrequent_sklearn;-0.14915496851089105;0.8614356091610526;0.14915496851089105
cat__Problema_Cobrança de compra/saque não reconhecido;0.14826309039827062;1.159817993204943;0.14826309039827062
cat__Cidade_Campos dos Goytacazes;0.1472359082134811;1.1586272604791414;0.1472359082134811
cat__Cidade_Santarém;0.14677781446379026;1.1580966221232312;0.14677781446379026
cat__Assunto_Crédito Consignado (para servidores públicos ou trabalhadores do setor privado);-0.14537111688162754;0.8647013282961981;0.14537111688162754
cat__Cidade_Marília;0.1449066692387539;1.1559316812496583;0.1449066692387539
cat__Problema_Cobrança por serviço/produto não contratado / não reconhecido / não solicitado;0.14454947511162414;1.1555188629742736;0.14454947511162414
cat__Cidade_Lauro de Freitas;-0.14237632012956927;0.8672948145694408;0.14237632012956927
cat__Faixa Etária_mais de 70 anos;-0.1413295646787363;0.8682031354560531;0.1413295646787363
cat__UF_TO;-0.1398769244651676;0.8694652387131985;0.1398769244651676
cat__Cidade_Santos;0.13960595263026346;1.1498206257840033;0.13960595263026346
cat__Cidade_Paço do Lumiar;0.137104667449466;1.1469481903798078;0.137104667449466
cat__Cidade_São Paulo;-0.13412376290585046;0.8744818294933948;0.13412376290585046
cat__UF_RJ;-0.1314175652880364;0.8768515551639491;0.1314175652880364
cat__Cidade_Vespasiano;0.13036187125555207;1.1392405671557961;0.13036187125555207
cat__Cidade_Palhoça;-0.13033319261161555;0.8778029047471714;0.13033319261161555
cat__Cidade_Itabuna;-0.12949061185939564;0.8785428362612041;0.12949061185939564
cat__Cidade_Aracaju;0.1294717451091724;1.138226950530211;0.1294717451091724
cat__Cidade_Cotia;0.1282333103956607;1.1368182032636305;0.1282333103956607
cat__Cidade_Sertãozinho;-0.1266812973816491;0.8810144094580935;0.1266812973816491
cat__Cidade_Jaboatão dos Guararapes;0.12627927286560717;1.1345989867519102;0.12627927286560717
cat__Cidade_Volta Redonda;0.1256001829247179;1.1338287535514733;0.1256001829247179
cat__Cidade_Guarujá;-0.12470252258090625;0.8827594645367242;0.12470252258090625
cat__Área_Saúde;0.12452613223099859;1.1326116177419485;0.12452613223099859
cat__Assunto_Plano Odontológico (convênio, autogestão, seguro saúde );0.12452613223099859;1.1326116177419485;0.12452613223099859
cat__Cidade_Vitória da Conquista;0.12242950287034209;1.130239438629138;0.12242950287034209
cat__Grupo Problema_Saúde e Segurança;-0.11896152541173323;0.8878419594586611;0.11896152541173323
cat__Problema_Risco, dano físico ou mal estar decorrente da prestação do serviço/utilização do produto;-0.11896152541173323;0.8878419594586611;0.11896152541173323
cat__Grupo Problema_Informação;-0.11755540483217124;0.8890912504302881;0.11755540483217124
cat__Cidade_Jundiaí;0.11617319324141262;1.12319038427205;0.11617319324141262
cat__Cidade_Chapecó;-0.11288838471298494;0.8932503549469222;0.11288838471298494
cat__Cidade_Pinhais;-0.11262707332134253;0.8934838019401093;0.11262707332134253
cat__Problema_SAC - Descortesia / despreparo / demora;-0.11261931567598328;0.8934907332974645;0.11261931567598328
cat__Cidade_Betim;-0.11246015740548007;0.8936329510545526;0.11246015740548007
cat__Cidade_Ribeirão das Neves;0.11091303393990577;1.1172977356471996;0.11091303393990577
cat__Cidade_Praia Grande;0.10755890334495058;1.1135564510145302;0.10755890334495058
cat__Cidade_Manaus;0.10576502798795488;1.1115606601736379;0.10576502798795488
cat__Cidade_Colombo;0.10352324347261149;1.1090715717401791;0.10352324347261149
cat__Área_Serviços Financeiros;-0.10348136588845197;0.9016928248299889;0.10348136588845197
cat__Cidade_Jaraguá do Sul;0.10278348957150385;1.108251435105415;0.10278348957150385
cat__Cidade_Poços de Caldas;-0.10203679895726252;0.9029963217344154;0.10203679895726252
cat__Cidade_Hortolândia;-0.10189932132547719;0.9031204720639894;0.10189932132547719
cat__Cidade_Luís Eduardo Magalhães;0.10123959444894488;1.1065417312615053;0.10123959444894488
cat__UF_AP;-0.10097925756125768;0.9039517828558853;0.10097925756125768
cat__Cidade_Colatina;-0.10093531888850824;0.9039915021700541;0.10093531888850824
cat__Problema_Portabilidade não efetivada;0.10025125856273925;1.1054486366202247;0.10025125856273925
cat__Problema_Fila em banco;-0.0980752721251673;0.906580660932578;0.0980752721251673
cat__UF_AM;0.0976828516315374;1.1026130377245733;0.0976828516315374
cat__UF_SP;0.09714720952531793;1.102022589903176;0.09714720952531793
cat__Cidade_Itaquaquecetuba;-0.09648425941254626;0.9080241903214394;0.09648425941254626
cat__Cidade_Diadema;0.09478810810742275;1.099425871014695;0.09478810810742275
cat__Cidade_Sumaré;0.09477409108309282;1.0994104604435173;0.09477409108309282
cat__Cidade_Presidente Prudente;0.09474950207379103;1.0993834273618386;0.09474950207379103
cat__Como Comprou Contratou_Não comprei / contratei;0.09395735796008492;1.0985129020874045;0.09395735796008492
cat__Problema_Negativação indevida - desconhece motivo e/ou fornecedor;-0.09185303785090776;0.9122392043283138;0.09185303785090776
cat__Cidade_Valparaíso de Goiás;-0.09105125217725529;0.91297091795284;0.09105125217725529
cat__Cidade_Mauá;0.09065806464658002;1.0948945580860738;0.09065806464658002
cat__Cidade_Jacareí;0.09020470006492118;1.0943982841777933;0.09020470006492118
cat__Cidade_Ribeirão Preto;0.08992239624904605;1.0940893749712581;0.08992239624904605
cat__Como Comprou Contratou_Telefone;-0.08937198347106194;0.9145053294290306;0.08937198347106194
cat__Assunto_Cartão de Crédito / Cartão de Débito / Cartão de Loja;0.08813998632412984;1.0921409961312858;0.08813998632412984
cat__Cidade_Rondonópolis;0.08771004523534223;1.091671540768606;0.08771004523534223
cat__Problema_Dificuldade / atraso na devolução de valores pagos / reembolso / retenção de valores;-0.0874460774451867;0.9162682778452473;0.0874460774451867
cat__Sexo_infrequent_sklearn;-0.08355251576231298;0.919842779158039;0.08355251576231298
cat__Cidade_São Gonçalo;-0.07958278727817675;0.9235015626230407;0.07958278727817675
cat__Cidade_Barreiras;0.07938624856849234;1.0826224026768507;0.07938624856849234
cat__Problema_Bloqueio / Suspensão indevida do serviço;0.07906188583265746;1.0822712972582778;0.07906188583265746
cat__Região_CO;0.0782622246967167;1.081406192904581;0.0782622246967167
cat__Cidade_Londrina;0.07762802830680318;1.0807205864285665;0.07762802830680318
cat__Região_SE;0.07730106704907017;1.0803672904265698;0.07730106704907017
cat__Cidade_Palmas;-0.07727421584797632;0.9256359947428086;0.07727421584797632
cat__Cidade_Natal;-0.07698948940100346;0.9258995853146046;0.07698948940100346
cat__Cidade_São Luís;-0.07529294652963509;0.9274717468983462;0.07529294652963509
cat__Cidade_Itapecerica da Serra;-0.07378824653470208;0.928868364112653;0.07378824653470208
cat__UF_CE;-0.07303074435811989;0.9295722504842979;0.07303074435811989
cat__Cidade_São José do Rio Preto;0.07191507574823727;1.0745640836379826;0.07191507574823727
cat__Grupo Problema_Dados Pessoais e Privacidade;0.07180232433477353;1.0744429318488413;0.07180232433477353
cat__Cidade_Olinda;0.07122864790753215;1.073826726034698;0.07122864790753215
cat__Cidade_Maringá;0.07120292986587974;1.0737991096693513;0.07120292986587974
cat__Cidade_Águas Lindas de Goiás;0.07068632096456497;1.0732445187567077;0.07068632096456497
cat__UF_PI;-0.0703156621640225;0.9320995449032211;0.0703156621640225
cat__Cidade_Guaraí;-0.0698213750654338;0.9325603835667875;0.0698213750654338
cat__Cidade_Araucária;0.06804354236023942;1.0704119157253114;0.06804354236023942
cat__Cidade_Dourados;-0.06755340347129392;0.9346778042438977;0.06755340347129392
cat__Como Comprou Contratou_Domicílio;0.06678217664814219;1.069062586015014;0.06678217664814219
cat__Cidade_Limeira;-0.0664820205146152;0.9356797387452845;0.0664820205146152
cat__Grupo Problema_Vício de Qualidade;0.06584501834839795;1.0680611744534543;0.06584501834839795
cat__Cidade_Contagem;-0.06483719003434374;0.937220039719071;0.06483719003434374
cat__Cidade_São Caetano do Sul;-0.06443050678049012;0.9376012689289142;0.06443050678049012
cat__UF_PA;-0.06394516563604384;0.9380564358484924;0.06394516563604384
cat__Assunto_infrequent_sklearn;-0.06365162967913901;0.9383318295590207;0.06365162967913901
cat__Cidade_Curitiba;0.06308360868943778;1.0651158884521421;0.06308360868943778
cat__Região_N ;0.06266653842022145;1.0646717529061027;0.06266653842022145
cat__Cidade_Macapá;0.06239863271808709;1.0643865594767765;0.06239863271808709
cat__UF_AC;-0.06235540254040909;0.9395489093771624;0.06235540254040909
cat__Cidade_Indaiatuba;-0.062226112815941016;0.9396703912497898;0.062226112815941016
cat__Problema_SAC - Dificuldade em obter protocolo, gravação ou histórico;-0.061588160325232816;0.9402700475721171;0.061588160325232816
cat__Cidade_Bauru;0.06030439981591932;1.0621598185941443;0.06030439981591932
cat__UF_MG;0.059915774521891035;1.0617471166207453;0.059915774521891035
cat__Sexo_F;0.058773097548479286;1.0605345755423168;0.058773097548479286
cat__Faixa Etária_até 20 anos;0.05762153973785011;1.0593140115782729;0.05762153973785011
cat__Problema_Negativação indevida sem contratação do serviço ? fraude bancária;0.05758455675032629;1.0592748357058237;0.05758455675032629
cat__Cidade_Sorocaba;0.05729750793005111;1.0589708157502595;0.05729750793005111
cat__Sexo_M;0.05592087203735768;1.0575140014974482;0.05592087203735768
cat__UF_SE;-0.055872962121522235;0.9456592628064102;0.055872962121522235
cat__Problema_Cobrança indevida / abusiva para alterar ou cancelar o contrato;0.05546195686127953;1.0570288036140971;0.05546195686127953
cat__Cidade_Camaçari;0.05436061161735914;1.0558652908008095;0.05436061161735914
cat__Assunto_Conta corrente / Salário / Poupança /Conta Aposentadoria;0.053945513320142656;1.0554270938702;0.053945513320142656
cat__Cidade_Itu;-0.05381078635305025;0.9476113905468659;0.05381078635305025
cat__Cidade_Cascavel;-0.0535077587960775;0.9478985864234376;0.0535077587960775
cat__Problema_Má qualidade no atendimento presencial ou outros canais (exceto SAC);0.053434295302455206;1.0548876784146557;0.053434295302455206
cat__Cidade_Campo Maior;0.05189247570972537;1.0532624851233279;0.05189247570972537
cat__UF_ES;0.051655648289577416;1.053013073221192;0.051655648289577416
cat__Cidade_Blumenau;0.051639640266159775;1.0529962166981768;0.051639640266159775
cat__Cidade_Taboão da Serra;-0.050885606445251946;0.9503873825054063;0.050885606445251946
cat__Cidade_Nova Iguaçu;0.04992087993213026;1.0511879230259131;0.04992087993213026
cat__Cidade_Divinópolis;-0.049352172746811314;0.9518458564951047;0.049352172746811314
cat__Cidade_Caruaru;0.04870302666712256;1.049908509608755;0.04870302666712256
cat__Grupo Problema_Contrato / Oferta;0.0486612099929172;1.0498646068446036;0.0486612099929172
cat__Cidade_Salvador;-0.04834200503452587;0.9528078662602045;0.04834200503452587
cat__Cidade_Gravataí;-0.047614263980333964;0.9535015160293328;0.047614263980333964
cat__Cidade_Osasco;-0.04588758467718344;0.9551493295759542;0.04588758467718344
cat__Cidade_Campo Grande;0.04554456614080664;1.046597646392696;0.04554456614080664
cat__Cidade_Porto Velho;-0.04524966173839873;0.955758835631533;0.04524966173839873
cat__Problema_Dificuldade de contato / acesso a outros canais (exceto SAC);0.04405583032711341;1.0450406982237936;0.04405583032711341
cat__UF_RO;0.043988862196030445;1.0449707161446384;0.043988862196030445
cat__Problema_Dificuldade de contato / demora no atendimento;-0.04359572601555376;0.9573409072739646;0.04359572601555376
cat__Cidade_Sete Lagoas;0.043313175474328704;1.0442648817954754;0.043313175474328704
cat__Cidade_Bacabal;-0.04319639794240806;0.9577232767141547;0.04319639794240806
cat__Cidade_Floriano;0.04252959554024001;1.0434469372925281;0.04252959554024001
cat__Cidade_Suzano;-0.04237454573220724;0.9585107072373189;0.04237454573220724
cat__Cidade_São José;-0.04234410559934457;0.9585398848746809;0.04234410559934457
cat__Cidade_Joinville;0.041746487875059524;1.0426301258651132;0.041746487875059524
cat__UF_PE;0.04145418247868004;1.0423254039909886;0.04145418247868004
cat__Cidade_Três Lagoas;0.03972825262682513;1.040527975025235;0.03972825262682513
cat__Problema_Descumprimento do estatuto do idoso;0.03953814434370916;1.040330180840121;0.03953814434370916
cat__Problema_Falta de clareza / transparência no uso dos dados pessoais ou financeiros (falta de informação sobre a finalidade, período de armazenamento ou compartilhamento) ;-0.03945625865233706;0.9613120021534686;0.03945625865233706
cat__Cidade_Serra;-0.03882694136905089;0.9619171628101121;0.03882694136905089
cat__Cidade_Guarapari;0.03781464480342616;1.038538716489148;0.03781464480342616
cat__Cidade_Rio Claro;-0.037814350145919856;0.9628916849995924;0.037814350145919856
cat__Cidade_Mogi das Cruzes;0.03753027630778618;1.038243430783642;0.03753027630778618
cat__Cidade_Duque de Caxias;0.0360764943676599;1.0367351478573972;0.0360764943676599
cat__Cidade_Guarulhos;0.03540925069296707;1.0360436236209003;0.03540925069296707
cat__Problema_Margem consignável - bloqueio/ contestação;0.03206914911993546;1.0325889054505284;0.03206914911993546
cat__UF_RS;-0.031983160331537974;0.9685228915462657;0.031983160331537974
cat__Cidade_Juiz de Fora;0.03177195970992606;1.0322820765583423;0.03177195970992606
cat__Cidade_Santa Luzia;0.031518824461743984;1.032020802648912;0.031518824461743984
cat__Cidade_Uberlândia;0.031385798846854975;1.0318835265778805;0.031385798846854975
cat__Cidade_Vila Velha;-0.031196301835325235;0.9692852819195908;0.031196301835325235
cat__Cidade_Atibaia;-0.03094309584895148;0.9695307418301248;0.03094309584895148
cat__Cidade_Rio de Janeiro;-0.030665089017280718;0.9698003154697888;0.030665089017280718
cat__Cidade_Caxias;0.02723737281226781;1.0276117008943122;0.02723737281226781
cat__Cidade_Sinop;-0.026780104374328123;0.9735753029382682;0.026780104374328123
cat__Cidade_Varginha;0.0259775775864674;1.026317935690272;0.0259775775864674
cat__Cidade_São José dos Pinhais;0.02595928659877636;1.0262991634932248;0.02595928659877636
cat__Problema_Cobrança de tarifas, taxas, valores não previstos / não informados;-0.025377441085895416;0.9749418594595022;0.025377441085895416
cat__Cidade_Imperatriz;-0.024852809151731797;0.9754534792872426;0.024852809151731797
cat__Problema_Dificuldade/recusa de resgate;-0.024653140844542808;0.9756482658779008;0.024653140844542808
cat__UF_SC;0.02426681493265927;1.0245636503057765;0.02426681493265927
cat__Assunto_Atendimento Bancário;0.022653091196141104;1.0229116209417082;0.022653091196141104
cat__UF_AL;0.021411847072230976;1.0216427255703109;0.021411847072230976
cat__Cidade_Iguatu;-0.021129929339977614;0.9790917435607494;0.021129929339977614
cat__UF_MA;-0.020890959344477964;0.9793257450688578;0.020890959344477964
cat__UF_MS;0.020181991561425472;1.0203870249576283;0.020181991561425472
cat__Cidade_Feira de Santana;-0.019811125790537686;0.9803838250409355;0.019811125790537686
cat__Cidade_Viamão;0.01947685233376923;1.0196677636584204;0.01947685233376923
cat__Cidade_Ipatinga;-0.01831093649246885;0.9818556901253411;0.01831093649246885
cat__Cidade_São Carlos;-0.017957114789783013;0.9822031534438197;0.017957114789783013
cat__Cidade_Rio Branco;0.01786012470324134;1.0180205705010876;0.01786012470324134
cat__Cidade_Belo Horizonte;0.017567552823500365;1.01772276987533;0.017567552823500365
cat__Cidade_Mossoró;-0.01682306371899684;0.9833176538124364;0.01682306371899684
cat__Cidade_Governador Valadares;0.01579702766899092;1.0159224603279131;0.01579702766899092
cat__Cidade_Uberaba;-0.015561986161700347;0.9845584758593291;0.015561986161700347
cat__Cidade_Maceió;0.015245616644519037;1.0153624239025993;0.015245616644519037
cat__Cidade_Florianópolis;-0.015142280749821579;0.9849717871083752;0.015142280749821579
cat__Cidade_São José de Ribamar;-0.015094890271359983;0.9850184664987081;0.015094890271359983
cat__Cidade_infrequent_sklearn;-0.014561009637334145;0.9855444891862982;0.014561009637334145
cat__UF_PR;0.014322566741737916;1.0144256261379856;0.014322566741737916
cat__Cidade_Luziânia;0.013812127110633374;1.013907955226711;0.013812127110633374
cat__Assunto_Seguro Residencial / Condomínio;-0.013349667246108725;0.9867390443660828;0.013349667246108725
cat__Cidade_Paulista;0.012626558470995157;1.0127066100308242;0.012626558470995157
cat__Problema_Serviço não realizado no prazo ou incompleto;-0.012375361956845318;0.9877008979295504;0.012375361956845318
cat__Cidade_Caldas Novas;0.01217950493099413;1.0122539771389343;0.01217950493099413
cat__Cidade_Cuiabá;-0.011850965615357839;0.9882189804953372;0.011850965615357839
cat__Faixa Etária_entre 41 a 50 anos;-0.010972149608195782;0.9890878248752336;0.010972149608195782
cat__Cidade_Fortaleza;-0.0103633025502094;0.9896902114495374;0.0103633025502094
cat__Área_Demais Serviços ;0.010096687480100591;1.010147831010962;0.010096687480100591
cat__Assunto_Programas de Fidelidade / Benefícios (pontos, milhagem etc);0.010096687480100591;1.010147831010962;0.010096687480100591
cat__Assunto_Cartão de Programas Sociais;0.007832173116214904;1.0078629248158606;0.007832173116214904
cat__Cidade_Santa Maria;-0.007731830370372189;0.9922979833423932;0.007731830370372189
cat__Região_S ;0.006606221342836347;1.0066280905541451;0.006606221342836347
cat__Cidade_Belém;0.006181138865141529;1.0062002815247981;0.006181138865141529
cat__Cidade_Parnamirim;-0.006098931228992667;0.99391962949937;0.006098931228992667
cat__Cidade_Embu das Artes;0.005897567304641028;1.0059149921926724;0.005897567304641028
cat__Cidade_Barueri;-0.00573290867830192;0.9942834930844174;0.00573290867830192
cat__Como Comprou Contratou_Loja física;0.005357740897964373;1.0053721192587708;0.005357740897964373
cat__UF_BA;-0.005310588881692499;0.9947034873666966;0.005310588881692499
cat__Problema_Reajuste - Discordância / dúvida;0.0031784283622782986;1.00318348492159;0.0031784283622782986
cat__Cidade_Belford Roxo;-0.0031505712779823698;0.9968543865636619;0.0031505712779823698
cat__Cidade_São Vicente;-0.0021322920975941346;0.997869979622257;0.0021322920975941346
cat__Cidade_Santo André;-0.0019971511090925583;0.9980048418702027;0.0019971511090925583
cat__Assunto_Consórcios (exceto imóveis);-0.0014088825120083007;0.9985921094970286;0.0014088825120083007
cat__Problema_SAC - Dificuldade de contato / acesso;-0.0011541702688902518;0.9988464955294417;0.0011541702688902518
cat__Cidade_Canoas;-0.0009513048329831821;0.9990491475140081;0.0009513048329831821
cat__Cidade_Piripiri;0.0008007173034212417;1.0008010379631014;0.0008007173034212417
cat__Cidade_Porto Alegre;0.0007628483678609475;1.0007631394106795;0.0007628483678609475
cat__Assunto_Serviço de pagamento online/ via celular/ maquininha;-0.0004489007295994348;0.9995512000112583;0.0004489007295994348
cat__UF_DF;0.00044111549544180147;1.000441212801189;0.00044111549544180147
cat__Cidade_Brasília;0.00044111549544180147;1.000441212801189;0.00044111549544180147
cat__Cidade_Macaé;6.0862997179530044e-05;1.0000608648493694;6.0862997179530044e-05
