Modelo;Threshold;Precisão;Revocação;F1-score;Selecionadas;Cobertura
Regressão Logística;0.05;0.38461538461538464;1.0;0.5555555555555556;14027;1.0
Regressão Logística;0.06;0.38461538461538464;1.0;0.5555555555555556;14027;1.0
Regressão Logística;0.07;0.38461538461538464;1.0;0.5555555555555556;14027;1.0
Regressão Logística;0.08;0.38461538461538464;1.0;0.5555555555555556;14027;1.0
Regressão Logística;0.09;0.3846428062170255;1.0;0.5555841614746924;14026;0.9999287089185143
Regressão Logística;0.1;0.3846428062170255;1.0;0.5555841614746924;14026;0.9999287089185143
Regressão Logística;0.11;0.3846537830706696;0.9998146431881372;0.5555669996910083;14023;0.9997148356740572
Regressão Logística;0.12;0.38470865130875115;0.9998146431881372;0.5556242274412856;14021;0.9995722535110858
Regressão Logística;0.13;0.38469220343819105;0.9996292863762744;0.5555784485422891;14019;0.9994296713481143
Regressão Logística;0.14;0.38497786662858774;0.9994439295644115;0.5558476367197567;14006;0.9985028872888002
Regressão Logística;0.15;0.3853749284487693;0.9983317886932345;0.5560889990191523;13976;0.996364154844229
Regressão Logística;0.16;0.3860732232591529;0.9968489341983318;0.5565847347994826;13930;0.9930847650958865
Regressão Logística;0.17;0.38647830474268413;0.9938832252085265;0.5565415953085266;13874;0.989092464532687
Regressão Logística;0.18;0.38766487896796636;0.9914735866543095;0.5573907153649769;13798;0.9836743423397732
Regressão Logística;0.19;0.3890430971512053;0.9872103799814643;0.5581346607283206;13690;0.975974905539317
Regressão Logística;0.2;0.3911632367042856;0.9829471733086191;0.559624314056564;13557;0.9664931917017181
Regressão Logística;0.21;0.39407727883037447;0.9792400370713624;0.5619913834370512;13406;0.9557282383973765
Regressão Logística;0.22;0.3962463254692093;0.9744207599629287;0.5633908477119279;13267;0.9458187780708633
Regressão Logística;0.23;0.4002451731535397;0.9683039851714551;0.5663793570770315;13052;0.9304911955514366
Regressão Logística;0.24;0.4050632911392405;0.9608897126969416;0.5698895179464629;12798;0.9123832608540672
Regressão Logística;0.25;0.4090909090909091;0.9542168674698795;0.5726681127982647;12584;0.897126969416126
Regressão Logística;0.26;0.41342412451361865;0.9453197405004634;0.5752636625119847;12336;0.879446781207671
Regressão Logística;0.27;0.4182059140230266;0.9358665430954588;0.5780856423173804;12073;0.8606972267769302
Regressão Logística;0.28;0.422660348620748;0.9258572752548656;0.5803752977400801;11818;0.8425180009980752
Regressão Logística;0.29;0.4270022487458917;0.9151065801668211;0.5822963967682963;11562;0.8242674841377343
Regressão Logística;0.3;0.43115524425924284;0.9013901760889713;0.5833033465275279;11279;0.8040921080772795
Regressão Logística;0.31;0.4361025268133067;0.8893419833178869;0.5852290053058486;11002;0.784344478505739
Regressão Logística;0.32;0.4409845235875443;0.8767377201112141;0.5868122324917809;10726;0.7646681400156841
Regressão Logística;0.33;0.44506125574272587;0.8619091751621872;0.5870100359780345;10448;0.7448492193626577
Regressão Logística;0.34;0.4503194103194103;0.8493049119555144;0.588567758509955;10175;0.72538675411706
Regressão Logística;0.35;0.4547570850202429;0.832808155699722;0.5882815057283143;9880;0.7043558850787767
Regressão Logística;0.36;0.4588346061303484;0.8129749768303985;0.586598903303464;9559;0.681471447921865
Regressão Logística;0.37;0.4628990509059534;0.7955514365152919;0.5852594259221381;9272;0.6610109075354673
Regressão Logística;0.38;0.46667412212033105;0.7734939759036145;0.5821301527516217;8942;0.6374848506451843
Regressão Logística;0.39;0.4733782841199721;0.7547729379054681;0.5818389654926056;8602;0.6132458829400442
Regressão Logística;0.4;0.4782925054571914;0.7310472659870251;0.5782567260464775;8246;0.5878662579311328
Regressão Logística;0.41;0.483111954459203;0.7078776645041706;0.5742857142857143;7905;0.563555999144507
Regressão Logística;0.42;0.48956682514527206;0.6871177015755329;0.5717590807434256;7572;0.5398160690097669
Regressão Logística;0.43;0.4943244739756368;0.6619091751621872;0.5659719470639512;7224;0.5150067726527412
Regressão Logística;0.44;0.4987679373822293;0.6378127896200185;0.5597852611029771;6899;0.4918371711698866
Regressão Logística;0.45;0.5009193993257738;0.6059314179796107;0.5484439224897241;6526;0.4652455977757183
Regressão Logística;0.46;0.5069556777741832;0.5809082483781279;0.541418329446316;6182;0.44072146574463533
Regressão Logística;0.47;0.5139007334129285;0.5584800741427247;0.535263812400071;5863;0.41797961075069506
Regressão Logística;0.48;0.5198621440232178;0.5312326227988878;0.5254858819215255;5513;0.3930277322306979
Regressão Logística;0.49;0.5249855296160525;0.5043558850787766;0.5144639818491208;5183;0.3695016753404149
Regressão Logística;0.5;0.5305492696975931;0.47803521779425395;0.5029251170046802;4861;0.3465459471020175
Regressão Logística;0.51;0.536745406824147;0.45486561631139943;0.4924250025082773;4572;0.32594282455264845
Regressão Logística;0.52;0.5399159663865546;0.42873030583873956;0.47794193615042874;4284;0.3054109930847651
Regressão Logística;0.53;0.5420816733067729;0.40352177942539386;0.4626500903198385;4016;0.28630498324659587
Regressão Logística;0.54;0.5490459553883364;0.37868396663577386;0.44822290478279947;3721;0.26527411420831254
Regressão Logística;0.55;0.551237766263673;0.35495829471733087;0.4318412447852069;3474;0.24766521708134312
Regressão Logística;0.56;0.5583896742470805;0.33679332715477295;0.4201641808301538;3254;0.23198117915448777
Regressão Logística;0.57;0.5678022712090849;0.31510658016682114;0.4052926451305281;2994;0.21344549796820417
Regressão Logística;0.58;0.5750995294969237;0.29453197405004633;0.38955626379014463;2763;0.19697725814500605
Regressão Logística;0.59;0.5754716981132075;0.27136237256719187;0.368812192971407;2544;0.1813645112996364
Regressão Logística;0.6;0.5830132309005548;0.25319740500463395;0.3530628069268545;2343;0.16703500392100948
Regressão Logística;0.61;0.589827344843677;0.23429101019462464;0.33536747147784557;2143;0.15277678762386826
Regressão Logística;0.62;0.6006191950464397;0.21575532900834105;0.3174689758625392;1938;0.1381621159192985
Regressão Logística;0.63;0.6039035591274398;0.19499536607970344;0.29480173742468824;1742;0.12418906394810009
Regressão Logística;0.64;0.6104314230521571;0.1757182576459685;0.27288428324697755;1553;0.11071504954730163
Regressão Logística;0.65;0.6238060249816312;0.15736793327154772;0.25133214920071045;1361;0.09702716190204605
Regressão Logística;0.66;0.6276595744680851;0.14216867469879518;0.2318271119842829;1222;0.0871177015755329
Regressão Logística;0.67;0.6295947219604147;0.12381835032437442;0.20693928128872366;1061;0.07563983745633421
Regressão Logística;0.68;0.638136511375948;0.10917516218721038;0.1864514086736309;923;0.06580166821130677
Regressão Logística;0.69;0.6357947434292867;0.09416126042632067;0.16402970616725865;799;0.05696157410707921
Regressão Logística;0.7;0.6303724928366762;0.08155699721964782;0.14442803216806172;698;0.04976117487702288
Regressão Logística;0.71;0.631578947368421;0.06895273401297497;0.12433155080213903;589;0.041990446995080914
Regressão Logística;0.72;0.65;0.05783132530120482;0.1062127659574468;480;0.034219719113138945
Regressão Logística;0.73;0.6523929471032746;0.04800741427247451;0.08943370165745856;397;0.028302559349825337
Regressão Logística;0.74;0.639871382636656;0.03688600556070436;0.06975113915177007;311;0.022171526342054607
Regressão Logística;0.75;0.6495726495726496;0.028174235403151067;0.05400604014922722;234;0.016682113067655237
Regressão Logística;0.76;0.6538461538461539;0.02205746061167748;0.04267527344450421;182;0.012974976830398516
Regressão Logística;0.77;0.6571428571428571;0.017052826691380907;0.033242999096657636;140;0.00998075140799886
Regressão Logística;0.78;0.6224489795918368;0.011306765523632993;0.022210085563444382;98;0.006986525985599202
Regressão Logística;0.79;0.6533333333333333;0.009082483781278962;0.017915904936014627;75;0.00534683111142796
Regressão Logística;0.8;0.660377358490566;0.006487488415199258;0.012848751835535976;53;0.0037784273187424252
Regressão Logística;0.81;0.6888888888888889;0.005746061167747915;0.011397058823529411;45;0.0032080986668567763
Regressão Logística;0.82;0.6896551724137931;0.0037071362372567192;0.007374631268436578;29;0.002067441363085478
Regressão Logística;0.83;0.9230769230769231;0.0022242817423540314;0.004437869822485207;13;0.0009267840593141798
Regressão Logística;0.84;0.9;0.0016682113067655235;0.0033302497687326548;10;0.0007129108148570614
Regressão Logística;0.85;1.0;0.0011121408711770157;0.0022218107757822625;6;0.00042774648891423685
Regressão Logística;0.86;1.0;0.0003707136237256719;0.0007411524921252547;2;0.00014258216297141228
Regressão Logística;0.87;1.0;0.00018535681186283596;0.00037064492216456633;1;7.129108148570614e-05
Regressão Logística;0.88;0.0;0.0;0.0;0;0.0
Regressão Logística;0.89;0.0;0.0;0.0;0;0.0
Regressão Logística;0.9;0.0;0.0;0.0;0;0.0
Regressão Logística;0.91;0.0;0.0;0.0;0;0.0
Regressão Logística;0.92;0.0;0.0;0.0;0;0.0
Regressão Logística;0.93;0.0;0.0;0.0;0;0.0
Regressão Logística;0.94;0.0;0.0;0.0;0;0.0
Regressão Logística;0.95;0.0;0.0;0.0;0;0.0
KNN;0.05;0.3846537830706696;0.9998146431881372;0.5555669996910083;14023;0.9997148356740572
KNN;0.06;0.3846537830706696;0.9998146431881372;0.5555669996910083;14023;0.9997148356740572
KNN;0.07;0.3852699320700751;0.9987025023169601;0.5560371517027863;13985;0.9970057745776003
KNN;0.08;0.3852699320700751;0.9987025023169601;0.5560371517027863;13985;0.9970057745776003
KNN;0.09;0.3852699320700751;0.9987025023169601;0.5560371517027863;13985;0.9970057745776003
KNN;0.1;0.38617418798505315;0.9961075069508805;0.5565739733830459;13916;0.9920866899550866
KNN;0.11;0.38617418798505315;0.9961075069508805;0.5565739733830459;13916;0.9920866899550866
KNN;0.12;0.38617418798505315;0.9961075069508805;0.5565739733830459;13916;0.9920866899550866
KNN;0.13;0.38897385478115215;0.9899907321594068;0.5585067447453728;13731;0.9788978398802309
KNN;0.14;0.38897385478115215;0.9899907321594068;0.5585067447453728;13731;0.9788978398802309
KNN;0.15;0.38897385478115215;0.9899907321594068;0.5585067447453728;13731;0.9788978398802309
KNN;0.16;0.38897385478115215;0.9899907321594068;0.5585067447453728;13731;0.9788978398802309
KNN;0.17;0.3936463060784168;0.980722891566265;0.5617965597791463;13441;0.9582234262493762
KNN;0.18;0.3936463060784168;0.980722891566265;0.5617965597791463;13441;0.9582234262493762
KNN;0.19;0.3936463060784168;0.980722891566265;0.5617965597791463;13441;0.9582234262493762
KNN;0.2;0.39978539127768836;0.9668211306765524;0.5656653291400066;13047;0.930134740144008
KNN;0.21;0.39978539127768836;0.9668211306765524;0.5656653291400066;13047;0.930134740144008
KNN;0.22;0.39978539127768836;0.9668211306765524;0.5656653291400066;13047;0.930134740144008
KNN;0.23;0.40722102404345395;0.9449490268767378;0.5691637825164676;12519;0.8924930491195552
KNN;0.24;0.40722102404345395;0.9449490268767378;0.5691637825164676;12519;0.8924930491195552
KNN;0.25;0.40722102404345395;0.9449490268767378;0.5691637825164676;12519;0.8924930491195552
KNN;0.26;0.41564236403434923;0.9151065801668211;0.5716436056272796;11878;0.8467954658872175
KNN;0.27;0.41564236403434923;0.9151065801668211;0.5716436056272796;11878;0.8467954658872175
KNN;0.28;0.41564236403434923;0.9151065801668211;0.5716436056272796;11878;0.8467954658872175
KNN;0.29;0.41564236403434923;0.9151065801668211;0.5716436056272796;11878;0.8467954658872175
KNN;0.3;0.4254555246387218;0.8785912882298424;0.5732946298984035;11141;0.794253938832252
KNN;0.31;0.4254555246387218;0.8785912882298424;0.5732946298984035;11141;0.794253938832252
KNN;0.32;0.4254555246387218;0.8785912882298424;0.5732946298984035;11141;0.794253938832252
KNN;0.33;0.4345703125;0.82483781278962;0.5692356891589383;10240;0.7300206744136308
KNN;0.34;0.4345703125;0.82483781278962;0.5692356891589383;10240;0.7300206744136308
KNN;0.35;0.4345703125;0.82483781278962;0.5692356891589383;10240;0.7300206744136308
KNN;0.36;0.4462836741317754;0.7645968489341983;0.5636015849159721;9243;0.6589434661723819
KNN;0.37;0.4462836741317754;0.7645968489341983;0.5636015849159721;9243;0.6589434661723819
KNN;0.38;0.4462836741317754;0.7645968489341983;0.5636015849159721;9243;0.6589434661723819
KNN;0.39;0.458225984541774;0.6923076923076923;0.5514543038535361;8151;0.5810936051899908
KNN;0.4;0.458225984541774;0.6923076923076923;0.5514543038535361;8151;0.5810936051899908
KNN;0.41;0.458225984541774;0.6923076923076923;0.5514543038535361;8151;0.5810936051899908
KNN;0.42;0.470028818443804;0.6046339202965709;0.5289014997973247;6940;0.4947601055108006
KNN;0.43;0.470028818443804;0.6046339202965709;0.5289014997973247;6940;0.4947601055108006
KNN;0.44;0.470028818443804;0.6046339202965709;0.5289014997973247;6940;0.4947601055108006
KNN;0.45;0.470028818443804;0.6046339202965709;0.5289014997973247;6940;0.4947601055108006
KNN;0.46;0.4787052810902896;0.5208526413345691;0.49889036839769196;5870;0.41847864832109505
KNN;0.47;0.4787052810902896;0.5208526413345691;0.49889036839769196;5870;0.41847864832109505
KNN;0.48;0.4787052810902896;0.5208526413345691;0.49889036839769196;5870;0.41847864832109505
KNN;0.49;0.5032433563507009;0.4457831325301205;0.472773736976607;4779;0.3407000784201896
KNN;0.5;0.5032433563507009;0.4457831325301205;0.472773736976607;4779;0.3407000784201896
KNN;0.51;0.5032433563507009;0.4457831325301205;0.472773736976607;4779;0.3407000784201896
KNN;0.52;0.5176223040504997;0.3647822057460612;0.4279656409698815;3802;0.27104869180865476
KNN;0.53;0.5176223040504997;0.3647822057460612;0.4279656409698815;3802;0.27104869180865476
KNN;0.54;0.5176223040504997;0.3647822057460612;0.4279656409698815;3802;0.27104869180865476
KNN;0.55;0.5384882108183079;0.28785912882298426;0.37516608286024883;2884;0.2056034790047765
KNN;0.56;0.5384882108183079;0.28785912882298426;0.37516608286024883;2884;0.2056034790047765
KNN;0.57;0.5384882108183079;0.28785912882298426;0.37516608286024883;2884;0.2056034790047765
KNN;0.58;0.5384882108183079;0.28785912882298426;0.37516608286024883;2884;0.2056034790047765
KNN;0.59;0.5595516113965436;0.22205746061167747;0.3179405520169851;2141;0.15263420546089684
KNN;0.6;0.5595516113965436;0.22205746061167747;0.3179405520169851;2141;0.15263420546089684
KNN;0.61;0.5595516113965436;0.22205746061167747;0.3179405520169851;2141;0.15263420546089684
KNN;0.62;0.5940912010276173;0.17145505097312327;0.26611047180667435;1557;0.11100021387324446
KNN;0.63;0.5940912010276173;0.17145505097312327;0.26611047180667435;1557;0.11100021387324446
KNN;0.64;0.5940912010276173;0.17145505097312327;0.26611047180667435;1557;0.11100021387324446
KNN;0.65;0.6333333333333333;0.1267840593141798;0.21127413127413128;1080;0.07699436800456264
KNN;0.66;0.6333333333333333;0.1267840593141798;0.21127413127413128;1080;0.07699436800456264
KNN;0.67;0.6333333333333333;0.1267840593141798;0.21127413127413128;1080;0.07699436800456264
KNN;0.68;0.6443514644351465;0.08563484708063021;0.1511780104712042;717;0.051115705425251304
KNN;0.69;0.6443514644351465;0.08563484708063021;0.1511780104712042;717;0.051115705425251304
KNN;0.7;0.6443514644351465;0.08563484708063021;0.1511780104712042;717;0.051115705425251304
KNN;0.71;0.6626746506986028;0.06153846153846154;0.11261872455902307;501;0.035716831824338775
KNN;0.72;0.6626746506986028;0.06153846153846154;0.11261872455902307;501;0.035716831824338775
KNN;0.73;0.6626746506986028;0.06153846153846154;0.11261872455902307;501;0.035716831824338775
KNN;0.74;0.6626746506986028;0.06153846153846154;0.11261872455902307;501;0.035716831824338775
KNN;0.75;0.6887608069164265;0.04430027803521779;0.08324625566004876;347;0.02473800527554003
KNN;0.76;0.6887608069164265;0.04430027803521779;0.08324625566004876;347;0.02473800527554003
KNN;0.77;0.6887608069164265;0.04430027803521779;0.08324625566004876;347;0.02473800527554003
KNN;0.78;0.7022222222222222;0.02928637627432808;0.056227758007117434;225;0.01604049333428388
KNN;0.79;0.7022222222222222;0.02928637627432808;0.056227758007117434;225;0.01604049333428388
KNN;0.8;0.7022222222222222;0.02928637627432808;0.056227758007117434;225;0.01604049333428388
KNN;0.81;0.6688311688311688;0.019091751621872103;0.0371238060911876;154;0.010978826548798745
KNN;0.82;0.6688311688311688;0.019091751621872103;0.0371238060911876;154;0.010978826548798745
KNN;0.83;0.6688311688311688;0.019091751621872103;0.0371238060911876;154;0.010978826548798745
KNN;0.84;0.703125;0.008341056533827619;0.01648653599560359;64;0.004562629215085193
KNN;0.85;0.703125;0.008341056533827619;0.01648653599560359;64;0.004562629215085193
KNN;0.86;0.703125;0.008341056533827619;0.01648653599560359;64;0.004562629215085193
KNN;0.87;0.703125;0.008341056533827619;0.01648653599560359;64;0.004562629215085193
KNN;0.88;0.7567567567567568;0.005189990732159407;0.010309278350515464;37;0.002637770014971127
KNN;0.89;0.7567567567567568;0.005189990732159407;0.010309278350515464;37;0.002637770014971127
KNN;0.9;0.7567567567567568;0.005189990732159407;0.010309278350515464;37;0.002637770014971127
KNN;0.91;0.7777777777777778;0.0025949953660797036;0.005172732311102901;18;0.0012832394667427105
KNN;0.92;0.7777777777777778;0.0025949953660797036;0.005172732311102901;18;0.0012832394667427105
KNN;0.93;0.7777777777777778;0.0025949953660797036;0.005172732311102901;18;0.0012832394667427105
KNN;0.94;0.75;0.0005560704355885078;0.0011113169105389886;4;0.00028516432594282457
KNN;0.95;0.75;0.0005560704355885078;0.0011113169105389886;4;0.00028516432594282457
Random Forest;0.05;0.38461538461538464;1.0;0.5555555555555556;14027;1.0
Random Forest;0.06;0.38461538461538464;1.0;0.5555555555555556;14027;1.0
Random Forest;0.07;0.38461538461538464;1.0;0.5555555555555556;14027;1.0
Random Forest;0.08;0.38461538461538464;1.0;0.5555555555555556;14027;1.0
Random Forest;0.09;0.38461538461538464;1.0;0.5555555555555556;14027;1.0
Random Forest;0.1;0.38461538461538464;1.0;0.5555555555555556;14027;1.0
Random Forest;0.11;0.38461538461538464;1.0;0.5555555555555556;14027;1.0
Random Forest;0.12;0.38461538461538464;1.0;0.5555555555555556;14027;1.0
Random Forest;0.13;0.38461538461538464;1.0;0.5555555555555556;14027;1.0
Random Forest;0.14;0.38461538461538464;1.0;0.5555555555555556;14027;1.0
Random Forest;0.15;0.38461538461538464;1.0;0.5555555555555556;14027;1.0
Random Forest;0.16;0.3846976611523103;1.0;0.5556413821515012;14024;0.9997861267555429
Random Forest;0.17;0.38509316770186336;0.9998146431881372;0.5560251520461809;14007;0.9985741783702858
Random Forest;0.18;0.38531388531388533;0.9988878591288229;0.5561116557453176;13986;0.997077065659086
Random Forest;0.19;0.38620392944213394;0.9983317886932345;0.5569515536942247;13946;0.9942254223996578
Random Forest;0.2;0.3871083903492978;0.9962928637627433;0.5575726141078838;13885;0.9898766664290297
Random Forest;0.21;0.3880769787295616;0.9942539388322521;0.5582557110891398;13822;0.9853853282954302
Random Forest;0.22;0.38955647804238586;0.9914735866543095;0.5593433023109903;13731;0.9788978398802309
Random Forest;0.23;0.3918958670392705;0.9877664504170528;0.5611541094087296;13598;0.969416126042632
Random Forest;0.24;0.3943609581907454;0.9825764596848934;0.5628284758719542;13442;0.9582947173308619
Random Forest;0.25;0.3979037852510933;0.9781278962001854;0.565685801575816;13262;0.9454623226634348
Random Forest;0.26;0.4019035922628185;0.9705282669138091;0.5684199098952396;13028;0.9287802095957796
Random Forest;0.27;0.4054243628711714;0.9642261353104726;0.5708328761110502;12831;0.9147358665430955
Random Forest;0.28;0.4104096923322174;0.9544022242817424;0.5739925310740761;12546;0.8944179083196692
Random Forest;0.29;0.4144502108336036;0.9473586654309546;0.5766345123258306;12332;0.8791616168817281
Random Forest;0.3;0.4186046511627907;0.9375347544022243;0.5787847579814624;12083;0.8614101375917873
Random Forest;0.31;0.4227587371264562;0.9282669138090824;0.5809407806971754;11846;0.8445141512796749
Random Forest;0.32;0.4282882261679021;0.9210379981464318;0.5846914161322586;11602;0.8271191273971626
Random Forest;0.33;0.4330133004492205;0.9112140871177016;0.5870551707666587;11353;0.8093676481072218
Random Forest;0.34;0.43805990408107864;0.8973123262279888;0.5887145810531437;11051;0.7878377414985386
Random Forest;0.35;0.44281606530006495;0.8848934198331788;0.5902571711177053;10781;0.7685891494973979
Random Forest;0.36;0.4467943221872916;0.8693234476367007;0.5902340800402718;10497;0.7483424823554573
Random Forest;0.37;0.451068837026868;0.8526413345690455;0.5900083370743282;10198;0.7270264489912311
Random Forest;0.38;0.45622587852935204;0.8326227988878592;0.5894626336854537;9846;0.7019319883082626
Random Forest;0.39;0.4609936575052854;0.8083410565338276;0.5871423763042747;9460;0.6744136308547801
Random Forest;0.4;0.4665787159190853;0.7866543095458758;0.5857428748878615;9096;0.648463677193983
Random Forest;0.41;0.47257287124168007;0.7632993512511584;0.5837408746190375;8714;0.6212304840664433
Random Forest;0.42;0.47883246894222653;0.7358665430954587;0.5801549028204004;8291;0.5910743565979896
Random Forest;0.43;0.4849566547679755;0.705097312326228;0.5746657602537956;7844;0.5592072431738789
Random Forest;0.44;0.49122096164235546;0.6741427247451344;0.5683256504414408;7404;0.5278391673201682
Random Forest;0.45;0.49812841923409157;0.6413345690454124;0.5607325176241795;6946;0.4951878519997148
Random Forest;0.46;0.5059116365899191;0.6027803521779426;0.5501141842172037;6428;0.45825907179011904
Random Forest;0.47;0.5142184082113411;0.5664504170528267;0.5390721467630976;5943;0.4236828972695516
Random Forest;0.48;0.5195865070729053;0.531047265987025;0.5252543771198094;5514;0.39309902331218366
Random Forest;0.49;0.5294932699920823;0.49582947173308617;0.5121087393510099;5052;0.3601625436657874
Random Forest;0.5;0.5370971230802509;0.4602409638554217;0.49570772609303254;4623;0.3295786697084195
Random Forest;0.51;0.5412930627654554;0.42520852641334567;0.47627945603654104;4238;0.30213160333642264
Random Forest;0.52;0.550077841203944;0.39295644114921224;0.4584279381554763;3854;0.2747558280459115
Random Forest;0.53;0.557774607703281;0.3623725671918443;0.4393258426966292;3505;0.24987524060740002
Random Forest;0.54;0.5682610072853975;0.3325301204819277;0.4195509822263798;3157;0.22506594425037427
Random Forest;0.55;0.5754052149400987;0.3026876737720111;0.39669622251913034;2838;0.20232408925643403
Random Forest;0.56;0.5871743486973948;0.2715477293790547;0.37135614702154623;2495;0.17787124830683682
Random Forest;0.57;0.5948040109389243;0.24189063948100092;0.3439188298853604;2194;0.15641263277963927
Random Forest;0.58;0.6073490813648293;0.21445783132530122;0.316986301369863;1905;0.1358095102302702
Random Forest;0.59;0.6184130829800121;0.18924930491195552;0.2898098211751348;1651;0.11770157553290084
Random Forest;0.6;0.6328233657858137;0.1686746987951807;0.2663544563149422;1438;0.10251657517644543
Random Forest;0.61;0.6407685881370092;0.14216867469879518;0.23270631067961164;1197;0.08533542453839024
Random Forest;0.62;0.6517175572519084;0.12659870250231697;0.2120130374049356;1048;0.07471305339702003
Random Forest;0.63;0.6690140845070423;0.1056533827618165;0.18248759404514167;852;0.06074000142582163
Random Forest;0.64;0.6789250353606789;0.08897126969416126;0.15732546705998032;707;0.05040279461039424
Random Forest;0.65;0.6872791519434629;0.07210379981464318;0.13051501425935247;566;0.040350752120909675
Random Forest;0.66;0.7049180327868853;0.06376274328081558;0.11694713581506035;488;0.0347900477650246
Random Forest;0.67;0.71712158808933;0.05356811862835959;0.0996895481200414;403;0.028730305838739572
Random Forest;0.68;0.7377521613832853;0.047451343836886005;0.08916753744339952;347;0.02473800527554003
Random Forest;0.69;0.7335526315789473;0.04133456904541242;0.07825934374451658;304;0.021672488771654667
Random Forest;0.7;0.7142857142857143;0.03521779425393883;0.06712594947889065;266;0.018963427675197833
Random Forest;0.71;0.7027027027027027;0.02891566265060241;0.055545664945700554;222;0.015826620089826764
Random Forest;0.72;0.7127659574468085;0.02483781278962002;0.04800286584273688;188;0.013402723319312753
Random Forest;0.73;0.7450980392156863;0.0211306765523633;0.0410958904109589;153;0.010907535467313038
Random Forest;0.74;0.7560975609756098;0.017238183503243742;0.033707865168539325;123;0.008768803022741856
Random Forest;0.75;0.8142857142857143;0.01056533827618165;0.020860018298261666;70;0.00499037570399943
Random Forest;0.76;0.8636363636363636;0.007043558850787767;0.013973156830299687;44;0.00313680758537107
Random Forest;0.77;0.8461538461538461;0.004077849860982391;0.008116583656152001;26;0.0018535681186283596
Random Forest;0.78;0.6666666666666666;0.0007414272474513438;0.0014812071838548417;6;0.00042774648891423685
Random Forest;0.79;0.0;0.0;0.0;0;0.0
Random Forest;0.8;0.0;0.0;0.0;0;0.0
Random Forest;0.81;0.0;0.0;0.0;0;0.0
Random Forest;0.82;0.0;0.0;0.0;0;0.0
Random Forest;0.83;0.0;0.0;0.0;0;0.0
Random Forest;0.84;0.0;0.0;0.0;0;0.0
Random Forest;0.85;0.0;0.0;0.0;0;0.0
Random Forest;0.86;0.0;0.0;0.0;0;0.0
Random Forest;0.87;0.0;0.0;0.0;0;0.0
Random Forest;0.88;0.0;0.0;0.0;0;0.0
Random Forest;0.89;0.0;0.0;0.0;0;0.0
Random Forest;0.9;0.0;0.0;0.0;0;0.0
Random Forest;0.91;0.0;0.0;0.0;0;0.0
Random Forest;0.92;0.0;0.0;0.0;0;0.0
Random Forest;0.93;0.0;0.0;0.0;0;0.0
Random Forest;0.94;0.0;0.0;0.0;0;0.0
Random Forest;0.95;0.0;0.0;0.0;0;0.0
Gradient Boosting;0.05;0.38461538461538464;1.0;0.5555555555555556;14027;1.0
Gradient Boosting;0.06;0.38461538461538464;1.0;0.5555555555555556;14027;1.0
Gradient Boosting;0.07;0.38461538461538464;1.0;0.5555555555555556;14027;1.0
Gradient Boosting;0.08;0.38461538461538464;1.0;0.5555555555555556;14027;1.0
Gradient Boosting;0.09;0.38461538461538464;1.0;0.5555555555555556;14027;1.0
Gradient Boosting;0.1;0.38461538461538464;1.0;0.5555555555555556;14027;1.0
Gradient Boosting;0.11;0.3846537830706696;0.9998146431881372;0.5555669996910083;14023;0.9997148356740572
Gradient Boosting;0.12;0.3847360912981455;0.9998146431881372;0.5556528457378316;14020;0.9995009624296001
Gradient Boosting;0.13;0.38495575221238937;0.9998146431881372;0.5558818982841243;14012;0.9989306337777144
Gradient Boosting;0.14;0.38512066257318295;0.9998146431881372;0.5560538116591929;14006;0.9985028872888002
Gradient Boosting;0.15;0.38512066257318295;0.9998146431881372;0.5560538116591929;14006;0.9985028872888002
Gradient Boosting;0.16;0.38506034421195456;0.9994439295644115;0.5559336014022064;14003;0.998289014044343
Gradient Boosting;0.17;0.38507142857142856;0.9992585727525487;0.5559164733178654;14000;0.9980751407998859
Gradient Boosting;0.18;0.3851650707446048;0.9990732159406858;0.5559853525194698;13994;0.9976473943109717
Gradient Boosting;0.19;0.3856302882546967;0.9968489341983318;0.5561242955379763;13946;0.9942254223996578
Gradient Boosting;0.2;0.3877388535031847;0.9929564411492122;0.5577013169538285;13816;0.984957581806516
Gradient Boosting;0.21;0.3895488667006778;0.9907321594068582;0.5592174094998954;13721;0.9781849290653739
Gradient Boosting;0.22;0.39283339490210567;0.9855421686746988;0.5617538298996302;13535;0.9649247879090326
Gradient Boosting;0.23;0.39659568086382724;0.9803521779425394;0.5647322620255192;13336;0.950737862693377
Gradient Boosting;0.24;0.40010675613847796;0.9725671918443003;0.5669674212545248;13114;0.9349112426035503
Gradient Boosting;0.25;0.4062842814605861;0.9610750695088045;0.5711295918929339;12762;0.9098167819205817
Gradient Boosting;0.26;0.4106388069224021;0.9544022242817424;0.5742165718746515;12539;0.8939188707492692
Gradient Boosting;0.27;0.4172543874036411;0.9430954587581094;0.5785434078117005;12194;0.8693234476367007
Gradient Boosting;0.28;0.42091645104749187;0.9347544022242817;0.5804558011049724;11981;0.8541384472802452
Gradient Boosting;0.29;0.42690559890251223;0.9228915662650602;0.5837730097315043;11663;0.8314678833677906
Gradient Boosting;0.3;0.4301131418624891;0.9160333642261353;0.5853716316257033;11490;0.8191345262707636
Gradient Boosting;0.31;0.43448948815754457;0.9078776645041705;0.5877129829613631;11273;0.8036643615883653
Gradient Boosting;0.32;0.43693248224399894;0.9008341056533827;0.5884489647657102;11123;0.7929706993655093
Gradient Boosting;0.33;0.43957648776925884;0.892678405931418;0.5890771206654027;10956;0.7810650887573964
Gradient Boosting;0.34;0.44181532489139475;0.8860055607043559;0.5896139139015666;10819;0.7712982105938547
Gradient Boosting;0.35;0.443909802811586;0.8721037998146431;0.5883456296111041;10599;0.7556141726669994
Gradient Boosting;0.36;0.4464628988850442;0.860982391102873;0.5880118994873094;10404;0.7417124117772866
Gradient Boosting;0.37;0.4527234844726659;0.8457831325301205;0.5897634742148119;10079;0.7185428102944321
Gradient Boosting;0.38;0.45562009579129725;0.8287303058387395;0.5879800105207785;9813;0.6995793826192344
Gradient Boosting;0.39;0.46153846153846156;0.8040778498609824;0.5864539678247939;9399;0.670064874884152
Gradient Boosting;0.4;0.4673166408154221;0.7818350324374421;0.5849802371541502;9026;0.6434733014899836
Gradient Boosting;0.41;0.4746725397009389;0.7590361445783133;0.5840821566110398;8627;0.6150281599771869
Gradient Boosting;0.42;0.4823442864149093;0.7291936978683967;0.5806213563574644;8156;0.5814500605974192
Gradient Boosting;0.43;0.49061556634728964;0.6928637627432808;0.5744582757030889;7619;0.5431667498395951
Gradient Boosting;0.44;0.4965364366860626;0.6643188137164041;0.5683025449932609;7218;0.5145790261638269
Gradient Boosting;0.45;0.50415553576729;0.6296570898980538;0.5599604384735845;6738;0.48035930705068797
Gradient Boosting;0.46;0.507751318523254;0.5888785912882298;0.5453141091658085;6257;0.4460682968560633
Gradient Boosting;0.47;0.5138272447934449;0.5579240037071362;0.5349684528570159;5858;0.41762315534326655
Gradient Boosting;0.48;0.5169584245076586;0.5254865616311399;0.5211876091552532;5484;0.39096029086761247
Gradient Boosting;0.49;0.5219100019650226;0.49230769230769234;0.5066768409004196;5089;0.36280031368075855
Gradient Boosting;0.5;0.529336462556006;0.45987025023169603;0.49216425312438006;4687;0.3341412989235047
Gradient Boosting;0.51;0.538262910798122;0.42502316960148284;0.4749870533402382;4260;0.30370000712910816
Gradient Boosting;0.52;0.5443578788640362;0.4014828544949027;0.46212929379133777;3979;0.28366721323162475
Gradient Boosting;0.53;0.547465695883506;0.3623725671918443;0.4360919027436984;3571;0.25458045198545665
Gradient Boosting;0.54;0.5594275046670815;0.33327154772937906;0.4177024044604484;3214;0.22912953589505952
Gradient Boosting;0.55;0.5664699757028809;0.3025023169601483;0.3943934267762204;2881;0.2053896057603194
Gradient Boosting;0.56;0.5745834947694692;0.2748841519925857;0.3718655967903711;2581;0.18400228131460755
Gradient Boosting;0.57;0.5854483925549916;0.25653382761816496;0.35674700347982985;2364;0.16853211663220932
Gradient Boosting;0.58;0.6017233125897559;0.2329935125115848;0.3359166221272047;2089;0.14892706922364013
Gradient Boosting;0.59;0.611578947368421;0.2153846153846154;0.31857436600411243;1900;0.13545305482284167
Gradient Boosting;0.6;0.6212389380530974;0.19518072289156627;0.2970380818053597;1695;0.1208383831182719
Gradient Boosting;0.61;0.6222791293213829;0.18016682113067656;0.2794307891332471;1562;0.11135666928067299
Gradient Boosting;0.62;0.6368159203980099;0.16607970342910103;0.26345192590414584;1407;0.10030655165038854
Gradient Boosting;0.63;0.644747393744988;0.1490268767377201;0.24209575429087624;1247;0.08889997861267555
Gradient Boosting;0.64;0.6580357142857143;0.1366079703429101;0.22624712202609362;1120;0.07984601126399088
Gradient Boosting;0.65;0.6646216768916156;0.12048192771084337;0.2039855640985407;978;0.06972267769302061
Gradient Boosting;0.66;0.6729857819905213;0.10528266913809083;0.18208046161243788;844;0.06016967277393598
Gradient Boosting;0.67;0.676595744680851;0.08841519925857275;0.15639344262295082;705;0.050260212447422827
Gradient Boosting;0.68;0.6816608996539792;0.07303058387395737;0.13192700485518166;578;0.041206245098738145
Gradient Boosting;0.69;0.7;0.05838739573679333;0.10778443113772455;450;0.03208098666856776
Gradient Boosting;0.7;0.7228260869565217;0.04930491195551436;0.09231303140725317;368;0.02623511798673986
Gradient Boosting;0.71;0.7286821705426356;0.03484708063021316;0.06651335574031488;258;0.018393099023312185
Gradient Boosting;0.72;0.7465437788018433;0.030027803521779424;0.05773342836778332;217;0.015470164682398231
Gradient Boosting;0.73;0.7739130434782608;0.0164967562557924;0.032304900181488204;115;0.008198474370856206
Gradient Boosting;0.74;0.782608695652174;0.013345690454124188;0.026243849097867686;92;0.006558779496684965
Gradient Boosting;0.75;0.8181818181818182;0.008341056533827619;0.01651376146788991;55;0.003921009481713838
Gradient Boosting;0.76;0.8571428571428571;0.005560704355885079;0.011049723756906077;35;0.002495187851999715
Gradient Boosting;0.77;0.8888888888888888;0.004448563484708063;0.00885282183696053;27;0.0019248592001140656
Gradient Boosting;0.78;1.0;0.0027803521779425394;0.005545286506469501;15;0.001069366222285592
Gradient Boosting;0.79;1.0;0.0024096385542168677;0.004807692307692308;13;0.0009267840593141798
Gradient Boosting;0.8;1.0;0.0005560704355885078;0.0011115227862171174;3;0.00021387324445711842
Gradient Boosting;0.81;1.0;0.0003707136237256719;0.0007411524921252547;2;0.00014258216297141228
Gradient Boosting;0.82;1.0;0.00018535681186283596;0.00037064492216456633;1;7.129108148570614e-05
Gradient Boosting;0.83;0.0;0.0;0.0;0;0.0
Gradient Boosting;0.84;0.0;0.0;0.0;0;0.0
Gradient Boosting;0.85;0.0;0.0;0.0;0;0.0
Gradient Boosting;0.86;0.0;0.0;0.0;0;0.0
Gradient Boosting;0.87;0.0;0.0;0.0;0;0.0
Gradient Boosting;0.88;0.0;0.0;0.0;0;0.0
Gradient Boosting;0.89;0.0;0.0;0.0;0;0.0
Gradient Boosting;0.9;0.0;0.0;0.0;0;0.0
Gradient Boosting;0.91;0.0;0.0;0.0;0;0.0
Gradient Boosting;0.92;0.0;0.0;0.0;0;0.0
Gradient Boosting;0.93;0.0;0.0;0.0;0;0.0
Gradient Boosting;0.94;0.0;0.0;0.0;0;0.0
Gradient Boosting;0.95;0.0;0.0;0.0;0;0.0
